{"cameraMode":{"drawMode":0,"name":"Shaded","section":"Shading Mode"},"sceneLighting":true,"audioPlay":false,"sceneViewState":{"showFog":true,"showMaterialUpdate":true,"showSkybox":true,"showFlares":true,"showImageEffects":true,"showParticleSystems":true},"in2DMode":false,"pivot":{"x":-1.3340317010879517,"y":0.7938351631164551,"z":0.24150371551513673},"rotation":{"x":-0.05128096416592598,"y":-0.017378708347678186,"z":0.0009043944301083684,"w":-0.9985326528549194},"size":20.186935424804689,"orthographic":false}