{"cameraMode":{"drawMode":0,"name":"Shaded","section":"Shading Mode"},"sceneLighting":true,"audioPlay":false,"sceneViewState":{"showFog":true,"showMaterialUpdate":true,"showSkybox":true,"showFlares":true,"showImageEffects":true,"showParticleSystems":true},"in2DMode":false,"pivot":{"x":595.9830932617188,"y":583.5667724609375,"z":64.7225341796875},"rotation":{"x":0.03418129310011864,"y":-0.0039027067832648756,"z":-0.00012741984392050654,"w":-0.9994080066680908},"size":1650.543212890625,"orthographic":false}