{"cameraMode":{"drawMode":0,"name":"Shaded","section":"Shading Mode"},"sceneLighting":true,"audioPlay":false,"sceneViewState":{"showFog":true,"showMaterialUpdate":true,"showSkybox":true,"showFlares":true,"showImageEffects":true,"showParticleSystems":true},"in2DMode":false,"pivot":{"x":879.7677001953125,"y":505.6317138671875,"z":67.8424072265625},"rotation":{"x":-0.07075244933366776,"y":-0.0023983358405530454,"z":0.00017618552374187857,"w":-0.9974910616874695},"size":1513.6474609375,"orthographic":false}